{"cameraMode":{"drawMode":0,"name":"Shaded","section":"Shading Mode"},"sceneLighting":true,"audioPlay":false,"sceneViewState":{"m_AlwaysRefresh":false,"showFog":true,"showSkybox":true,"showFlares":true,"showImageEffects":true,"showParticleSystems":true,"showVisualEffectGraphs":true,"m_FxEnabled":true},"in2DMode":false,"pivot":{"x":0.9040137529373169,"y":-8.817826271057129,"z":19.24895477294922},"rotation":{"x":-0.2947799265384674,"y":-0.054372694343328479,"z":0.016765210777521135,"w":-0.9539213180541992},"size":11.803924560546875,"orthographic":false}