{"cameraMode":{"drawMode":0,"name":"Shaded","section":"Shading Mode"},"sceneLighting":true,"audioPlay":false,"sceneViewState":{"m_AlwaysRefresh":false,"showFog":true,"showSkybox":true,"showFlares":true,"showImageEffects":true,"showParticleSystems":true,"showVisualEffectGraphs":true,"m_FxEnabled":true},"in2DMode":false,"pivot":{"x":21.805566787719728,"y":2.752244234085083,"z":1.9557651281356812},"rotation":{"x":-0.012659783475100994,"y":-0.9474572539329529,"z":0.03782592713832855,"w":-0.3175952434539795},"size":0.8438817858695984,"orthographic":false}