{"cameraMode":{"drawMode":0,"name":"Shaded","section":"Shading Mode"},"sceneLighting":true,"audioPlay":false,"sceneViewState":{"m_AlwaysRefresh":false,"showFog":true,"showSkybox":true,"showFlares":true,"showImageEffects":true,"showParticleSystems":true,"showVisualEffectGraphs":true,"m_FxEnabled":true},"in2DMode":false,"pivot":{"x":9.217552185058594,"y":2.521994113922119,"z":10.031878471374512},"rotation":{"x":-0.009007695131003857,"y":-0.9860363006591797,"z":0.057162005454301837,"w":-0.15663868188858033},"size":0.2653108835220337,"orthographic":false}