{"cameraMode":{"drawMode":0,"name":"Shaded","section":"Shading Mode"},"sceneLighting":true,"audioPlay":false,"sceneViewState":{"m_AlwaysRefresh":false,"showFog":true,"showSkybox":true,"showFlares":true,"showImageEffects":true,"showParticleSystems":true,"showVisualEffectGraphs":true,"m_FxEnabled":true},"in2DMode":false,"pivot":{"x":10.997697830200196,"y":6.1808648109436039,"z":32.76544189453125},"rotation":{"x":0.12229038029909134,"y":0.10549383610486984,"z":-0.013073296286165715,"w":0.9867991209030151},"size":4.429346084594727,"orthographic":false}