{"cameraMode":{"drawMode":0,"name":"Shaded","section":"Shading Mode"},"sceneLighting":true,"audioPlay":false,"sceneViewState":{"m_AlwaysRefresh":false,"showFog":true,"showSkybox":true,"showFlares":true,"showImageEffects":true,"showParticleSystems":true,"showVisualEffectGraphs":true,"m_FxEnabled":true},"in2DMode":false,"pivot":{"x":13.753700256347657,"y":-0.42070770263671877,"z":18.688953399658204},"rotation":{"x":-0.36187514662742617,"y":-0.5304993987083435,"z":0.2671208083629608,"w":-0.7185615301132202},"size":22.45691680908203,"orthographic":false}