{"cameraMode":{"drawMode":0,"name":"Shaded","section":"Shading Mode"},"sceneLighting":true,"audioPlay":false,"sceneViewState":{"m_AlwaysRefresh":false,"showFog":true,"showSkybox":true,"showFlares":true,"showImageEffects":true,"showParticleSystems":true,"showVisualEffectGraphs":true,"m_FxEnabled":true},"in2DMode":false,"pivot":{"x":-12.483654975891114,"y":-7.642270565032959,"z":13.521245956420899},"rotation":{"x":0.07817388325929642,"y":-0.7490505576133728,"z":0.09031876176595688,"w":0.6520440578460693},"size":29.630901336669923,"orthographic":false}