{"cameraMode":{"drawMode":0,"name":"Shaded","section":"Shading Mode"},"sceneLighting":true,"audioPlay":false,"sceneViewState":{"m_AlwaysRefresh":false,"showFog":true,"showSkybox":true,"showFlares":true,"showImageEffects":true,"showParticleSystems":true,"showVisualEffectGraphs":true,"m_FxEnabled":true},"in2DMode":false,"pivot":{"x":0.9724944233894348,"y":3.1227171421051027,"z":-2.85099720954895},"rotation":{"x":-0.23725050687789918,"y":0.03794405981898308,"z":-0.009297179989516735,"w":-0.9707199335098267},"size":2.2747960090637209,"orthographic":false}