{"cameraMode":{"drawMode":0,"name":"Shaded","section":"Shading Mode"},"sceneLighting":true,"audioPlay":false,"sceneViewState":{"m_AlwaysRefresh":false,"showFog":true,"showSkybox":true,"showFlares":true,"showImageEffects":true,"showParticleSystems":true,"showVisualEffectGraphs":true,"m_FxEnabled":true},"in2DMode":false,"pivot":{"x":-13.310413360595704,"y":-11.285836219787598,"z":8.929377555847168},"rotation":{"x":-0.2844363749027252,"y":0.36571839451789858,"z":-0.11848274618387222,"w":-0.8782960176467896},"size":13.690458297729493,"orthographic":false}